Metric,Value
mse,1.5974893938966144
rmse,1.2639182702598355
mae,0.7978612300948463
r2,0.8082617670272256
