Metric,Value
mse,1.2555649196543763
rmse,1.1205199327340751
mae,0.6589938938008816
r2,0.8831962992106159
